"","Gussng","Dffclt","Dscrmn"
"V1",0.000515113175319152,1.6586340221964,1.38405066822743
"V2",0.190865508633933,1.3609364412762,12.7164916900148
"V3",0.238183011372454,1.33972002423014,16.4262311353467
